"Code";"Name";"EU Country_Region Code";"Intrastat Code"
"AD";"Andorra";;
"AE";"Emi. √?rabes Unidos";;
"AFR";"AFRICA";;
"AL";"Albania";;
"AM";"Armenia";;
"AME";"AMERICA";;
"AR";"Argentina";;
"ASI";"ASIA";;
"AT";"Austria";"AT";"AT"
"AU";"Australia";;
"AZ";"Azerbaij√°n";;
"BA";"Bosnia y Herzegovina";;
"BE";"B√©lgica";"BE";"BE"
"BF";"Burkina Faso";;
"BG";"Bulgaria";"BG";"BG"
"BN";"Brunei Darussalam";;
"BO";"Bolivia";;
"BR";"Brasil";;
"BY";"BIELORRUSIA";;
"CA";"Canad√°";;
"CD";"Rep√∫blica Democr√°tica del Congo";;
"CH";"Suiza";;
"CL";"Chile";;
"CM";"Camer√∫n";;
"CN";"China";;
"CO";"COLOMBIA";;
"CY";"Chipre";"CY";"CY"
"CZ";"Czech Republic";"CZ";"CZ"
"DE";"Alemania";"DE";"DE"
"DK";"Dinamarca";"DK";"DK"
"DO";"Rep√∫blica Dominicana";;
"DU";"Dubai";;
"DZ";"Argelia";;
"EC";"Ecuador";;
"EE";"Estonia";"EE";"EE"
"EG";"Egipto";;
"EL";"Grecia";"EL";"EL"
"ES";"Espa√±a";"ES";"ES"
"EUR";"EUROPA";;
"FI";"Finlandia";"FI";"FI"
"FJ";"Islas Fiji";;
"FO";"Islas Feroe";;
"FR";"Francia";"FR";"FR"
"GB";"Gran Breta√±a";"GB";"GB"
"GE";"Georgia";;
"GH";"GHANA";;
"GR";"Grecia";"EL";"EL"
"GY";"Guyana";;
"HK";"Hongkong";;
"HR";"Croacia";"HR";"HR"
"HU";"Hungr√≠a";"HU";"HU"
"ID";"Indonesia";;
"IE";"Irlanda";"IE";"IE"
"IL";"ISRAEL";;
"IN";"India";;
"IQ";"Ir√°k";;
"IR";"Ir√°n";;
"IS";"Islandia";;
"IT";"Italia";"IT";"IT"
"JO";"Jordania";;
"JP";"Jap√≥n";;
"KE";"Kenia";;
"KG";"Kirguizist√°n o Kirguist√°n";;
"KH";"Camboya";;
"KO";"Republic of KOSOVO";;
"KR";"Korea del Sur";;
"KZ";"KAZAKHSTAN";;
"LB";"L√?BANO";;
"LI";"Liechtenstein";;
"LK";"SRI LANKA";;
"LT";"Lituania";"LT";"LT"
"LU";"Luxemburgo";"LU";"LU"
"LV";"Letonia";"LV";"LV"
"LY";"Libia";;
"MC";"M√≥naco";;
"MD";"Moldavia";;
"ME";"Montenegro";;
"MK";"Macedonia";;
"MO";"Marruecos";;
"MT";"Malta";"MT";"MT"
"MX";"M√©xico";;
"MY";"Malasia";;
"MZ";"Mozambique";;
"NG";"Nigeria";;
"NL";"Pa√≠ses Bajos";"NL";"NL"
"NO";"Noruega";;
"NZ";"Nueva Zelanda";;
"OCE";"OCEANIA";;
"PE";"Per√∫";;
"PH";"Filipinas";;
"PK";"Pakist√°n";;
"PL";"Polonia";"PL";"PL"
"PS";"PALESTINA";;
"PT";"Portugal";"PT";"PT"
"PY";"Paraguay";;
"RO";"Ruman√≠a";"RO";"RO"
"RS";"Serbia";;
"RU";"Russia";;
"SA";"Arabia Saud√≠";;
"SB";"Islas Salom√≥n";;
"SD";"SUDAN";;
"SE";"Suecia";"SE";"SE"
"SG";"Singapore";;
"SI";"Eslovenia";"SI";"SI"
"SK";"Eslovaquia";"SK";"SK"
"SM";"San Marino";;
"SN";"Senegal";;
"SU";"Uni√≥n Sovietica (ex)";;
"SV";"El Salvador";;
"SY";"Siria";;
"SZ";"Suazilandia";;
"TG";"Togo";;
"TH";"Thailand";;
"TN";"T√∫nez";;
"TR";"Turqu√≠a";;
"TT";"Trinidad y Tobago";;
"TW";"Taiwan";;
"TZ";"Tanzania";;
"UA";"Ukraine";;
"UG";"Uganda";;
"US";"EE.UU.";;
"UY";"URUGUAY";;
"UZ";"Uzbekist√°n";;
"VA";"Ciudad del Vaticano";;
"VE";"Venezuela";;
"VN";"VIETNAM";;
"VU";"Vanuatu";;
"WS";"Samoa";;
"YT";"MAYOTTE";;
"YU";"Yugoslavia";;
"ZA";"SUDAFRICA";;
"ZW";"Zimbabwe";;
